Source,Target
0,1912
0,1913
2,1914
2,1915
4,1914
4,1915
5,1914
5,1915
6,1914
6,1915
7,1914
7,1915
11,1914
11,1915
12,1916
13,1917
11,1917
14,1914
14,1915
15,1914
15,1915
2,1914
2,1915
16,1914
16,1915
17,1917
18,1917
19,1917
20,1917
21,1917
22,1917
23,1914
23,1915
11,1914
11,1915
24,1917
4,1917
23,1917
25,1917
11,1917
26,1917
27,1917
28,1917
29,1917
31,1915
31,1918
31,1919
31,1914
31,1920
31,1921
33,1917
35,1922
35,1920
35,1923
35,1924
36,1917
37,1915
37,1925
38,1926
41,1926
42,1917
43,1927
44,1928
46,1272
48,1929
48,1930
48,1929
49,1931
49,1915
50,1931
50,1915
51,1931
51,1915
52,1931
52,1915
53,1931
53,1915
59,1931
59,1915
60,1931
60,1915
63,1931
63,1915
65,1931
65,1915
66,1931
66,1915
69,1931
69,1915
71,1931
71,1915
73,1931
73,1915
75,1931
75,1915
76,1931
76,1915
81,1931
81,1915
82,1931
82,1915
83,1931
83,1915
87,1931
87,1915
89,1931
89,1915
92,1931
92,1915
93,1931
93,1915
97,1931
97,1915
98,1931
98,1915
99,1931
99,1915
100,1931
100,1915
101,1931
101,1915
106,1931
106,1915
107,1931
107,1915
112,1931
112,1915
116,1931
116,1915
117,1931
117,1915
118,1931
118,1915
120,1931
120,1915
121,1931
121,1915
122,1915
123,1915
125,1915
126,1915
127,1915
128,1915
129,1915
132,1915
134,1915
135,1922
135,1920
135,1923
135,1924
136,1915
137,1915
141,1915
143,1915
144,1915
69,1915
146,1915
150,1915
151,1915
153,1915
154,1915
155,1915
156,1915
157,1922
157,1920
157,1923
157,1924
159,1915
162,1915
174,1922
174,1920
174,1923
174,1924
175,1915
180,1922
180,1920
180,1923
180,1924
182,1915
186,1915
73,1915
187,1915
188,1915
189,1915
190,1915
193,1915
195,1915
198,1915
201,1915
202,1915
203,1915
204,1915
205,1915
209,1915
210,1915
211,1915
212,1915
213,1915
214,1915
215,1915
219,1915
222,1915
223,1915
225,1915
227,1915
228,1915
231,1915
233,1915
235,1915
236,1915
237,1915
238,1915
239,1915
240,1915
241,1915
243,1915
244,1915
245,1915
246,1915
247,1915
248,1915
250,1915
251,1915
252,1915
254,1915
258,1915
260,1915
261,1915
262,1915
263,1915
265,1915
266,1915
269,1915
271,1915
272,1915
275,1915
276,1915
279,1915
280,1915
281,1915
282,1915
289,1915
290,1915
291,1915
292,1915
293,1915
294,1915
295,1915
296,1915
299,1915
301,1915
81,1915
302,1915
303,1915
305,1915
87,1915
87,1915
307,1915
75,1915
308,1915
309,1915
311,1915
316,1915
317,1915
321,1915
322,1915
323,1915
324,1915
325,1915
326,1915
53,1915
327,1915
328,1915
330,1915
331,1915
335,1915
336,1915
63,1915
339,1915
340,1915
341,1915
342,1915
343,1915
344,1915
346,1915
347,1915
348,1915
351,1915
353,1915
355,1915
356,1915
359,1915
363,1915
365,1915
366,1915
374,1915
375,1915
376,1915
120,1915
377,1915
378,1915
379,1915
380,1915
382,1915
386,1915
388,1915
392,1915
395,1915
399,1915
401,1917
402,1915
403,1915
404,1915
405,1915
406,1915
409,1915
411,1915
412,1915
413,1915
418,1915
421,1915
422,1915
423,1915
424,1915
425,1915
428,1915
433,1915
434,1915
436,1915
442,1915
446,1915
447,1915
448,1915
401,1915
449,1915
450,1915
456,1915
457,1915
460,1915
461,1915
462,1915
465,1915
466,1915
467,1915
468,1915
470,1915
174,1915
472,1915
474,1915
41,1926
475,1915
477,1915
478,1915
480,1915
481,1915
482,1915
484,1915
485,1915
486,1915
489,1915
493,1915
497,1915
499,1915
500,1915
501,1915
502,1915
503,1915
504,1915
506,1915
507,1915
509,1915
510,1915
511,1915
513,1915
514,1915
517,1915
518,1915
522,1915
523,1915
92,1915
524,1915
527,1915
529,1915
530,1915
531,1915
532,1915
533,1915
534,1915
538,1915
540,1915
541,1915
542,1915
543,1915
544,1915
545,1915
546,1915
547,1915
106,1915
548,1915
551,1915
555,1915
557,1915
559,1915
560,1915
116,1915
561,1915
562,1915
563,1915
564,1915
570,1915
571,1915
574,1915
575,1915
585,1915
586,1917
587,1917
588,1917
589,1915
589,1931
593,1932
595,1917
597,1915
597,1931
599,1915
602,1915
81,1917
603,1915
605,1915
606,1917
607,1917
41,1926
456,1933
456,1923
608,1915
608,1931
59,1915
609,1933
609,1923
611,1933
611,1923
499,1933
499,1923
599,1933
599,1923
612,1933
612,1923
613,1933
613,1923
470,1933
470,1923
614,1917
180,1933
180,1923
141,1933
141,1923
615,1933
615,1923
35,1933
35,1923
616,1934
616,1915
616,1923
616,1933
616,1923
618,1934
618,1915
618,1923
619,1934
619,1915
619,1923
619,1933
619,1923
620,1934
620,1915
620,1923
620,1933
620,1923
621,1915
506,1917
506,1915
506,1915
506,1931
305,1915
305,1931
305,1916
623,1916
623,1915
625,1935
625,1924
626,1917
627,1915
627,1931
633,1661
258,1915
635,1915
635,1931
635,1917
635,1915
635,1936
635,1937
636,1915
636,1931
637,1915
637,1931
638,1915
638,1931
143,1915
143,1931
143,1916
150,1915
150,1931
641,1915
641,1931
125,1915
125,1931
642,1916
643,1915
643,1916
644,1938
625,1935
625,1924
645,1915
645,1931
646,1915
646,1931
421,1916
647,1915
647,1931
442,1915
442,1931
650,1916
651,1915
651,1931
652,1916
654,1934
654,1915
654,1923
654,1933
654,1923
231,1915
231,1931
655,1915
655,1931
513,1916
656,1915
656,1931
658,1915
658,1931
659,1915
659,1931
661,1915
661,1931
662,1915
662,1931
663,1915
663,1931
665,1915
665,1916
421,1915
421,1931
421,1915
666,1933
666,1923
667,1917
668,1915
668,1931
669,1916
670,1917
673,1916
493,1915
493,1931
674,1916
675,1917
442,1916
676,1915
676,1931
395,1916
677,1915
677,1931
678,1916
679,1915
679,1931
680,1915
680,1931
678,1939
678,1940
678,1941
678,1942
681,1915
681,1931
682,1915
682,1931
683,1915
683,1931
365,1916
418,1915
418,1931
250,1916
684,1915
684,1931
340,1916
685,1916
686,1915
686,1931
265,1915
265,1931
687,1915
687,1931
428,1916
688,1915
688,1931
689,1915
689,1931
690,1915
690,1931
691,1915
691,1931
692,1915
692,1931
693,1915
693,1931
694,1915
694,1931
386,1916
695,1915
695,1931
696,1917
698,1915
698,1931
698,1916
174,1916
700,1916
701,1915
701,1931
702,1916
707,1916
708,1915
708,1931
713,1915
433,1915
433,1915
433,1931
162,1915
162,1931
716,1916
718,1915
718,1931
134,1915
134,1931
719,1915
719,1931
720,1915
720,1931
721,1933
721,1923
722,1915
722,1931
723,1933
723,1923
231,1915
724,1915
724,1931
730,1916
724,1916
235,1915
235,1931
731,1915
731,1931
335,1916
734,1916
735,1915
735,1931
736,1916
59,1916
738,1915
738,1931
739,1917
141,1916
477,1933
477,1923
260,1915
260,1931
174,1933
174,1923
740,1915
740,1931
741,1915
741,1931
741,1916
713,1916
363,1916
743,1915
743,1931
747,1916
743,1916
289,1916
65,1916
388,1917
570,1917
201,1916
106,1916
265,1915
748,1916
749,1915
749,1931
753,1917
753,1915
753,1915
753,1931
754,1914
757,1916
758,1916
233,1916
760,1916
761,1917
761,1915
761,1931
307,1915
307,1931
763,1916
193,1916
764,1917
765,1916
766,1916
540,1916
767,1916
244,1915
585,1916
768,1915
768,1931
244,1917
180,1923
769,1917
770,1915
770,1931
141,1917
771,1915
772,1917
774,1915
774,1931
772,1915
772,1931
775,1915
775,1931
776,1915
776,1931
201,1915
201,1931
777,1917
602,1917
201,1917
778,1917
771,1917
782,1915
782,1931
783,1917
555,1915
555,1931
784,1915
784,1931
784,1917
784,1915
786,1915
786,1931
777,1915
777,1931
788,1917
788,1915
89,1917
141,1915
789,1915
789,1931
81,1915
81,1931
555,1917
790,1917
747,1915
747,1931
555,1915
734,1915
734,1931
141,1915
141,1931
747,1915
792,1915
792,1915
792,1931
747,1917
382,1915
382,1931
63,1915
63,1931
793,1915
793,1931
321,1915
794,1915
794,1931
795,1915
795,1931
796,1917
797,1915
797,1931
798,1915
798,1931
353,1915
800,1915
353,1915
353,1931
802,1915
802,1931
311,1915
311,1931
522,1915
805,1917
807,1915
807,1931
808,1915
808,1931
805,1915
522,1915
522,1931
805,1915
805,1931
802,1915
809,1915
809,1931
810,1915
810,1931
707,1915
811,1915
811,1931
812,1915
812,1931
800,1915
800,1931
570,1915
116,1915
116,1931
813,1915
813,1931
330,1915
330,1931
814,1915
814,1931
106,1917
106,1915
106,1915
106,1931
335,1915
335,1915
335,1931
529,1915
574,1917
529,1915
529,1931
816,1915
816,1931
574,1915
574,1931
112,1915
112,1931
351,1915
351,1931
81,1915
817,1915
817,1931
456,1917
818,1915
818,1931
821,1915
821,1931
209,1915
456,1915
456,1915
456,1931
209,1915
209,1931
198,1917
825,1915
825,1931
826,1915
826,1931
198,1915
470,1915
470,1931
827,1915
827,1931
828,1915
828,1931
470,1915
395,1917
395,1915
395,1915
395,1931
825,1917
386,1915
386,1931
198,1915
198,1931
830,1915
830,1931
832,1915
832,1931
833,1915
837,1915
837,1931
840,1915
840,1931
841,1915
841,1931
844,1915
845,1915
87,1915
87,1931
340,1917
850,1917
340,1915
340,1915
340,1931
174,1915
174,1931
851,1915
851,1931
852,1915
852,1931
856,1915
856,1931
702,1915
702,1931
859,1915
859,1931
92,1915
92,1931
862,1915
862,1931
863,1915
863,1931
484,1915
484,1931
864,1915
864,1931
865,1915
865,1931
866,1915
866,1931
195,1915
195,1931
867,1917
868,1915
868,1931
869,1915
869,1931
289,1915
289,1931
527,1915
527,1931
870,1915
870,1931
871,1915
871,1931
339,1915
872,1917
339,1915
339,1931
874,1915
874,1931
875,1915
876,1915
876,1915
876,1931
872,1915
872,1931
878,1915
878,1931
856,1915
879,1915
879,1931
880,1915
880,1931
363,1915
363,1931
856,1917
374,1915
374,1931
243,1915
243,1931
881,1915
882,1915
882,1931
489,1915
489,1931
374,1915
374,1931
271,1915
271,1931
883,1915
883,1931
497,1915
497,1931
884,1915
884,1931
886,1915
886,1931
254,1915
254,1931
887,1915
887,1931
888,1915
888,1931
889,1915
889,1931
871,1915
890,1915
890,1931
275,1915
275,1931
497,1915
585,1915
585,1931
484,1915
374,1915
174,1915
497,1917
880,1917
92,1915
316,1915
891,1917
892,1917
489,1915
374,1917
893,1917
386,1915
894,1915
882,1915
865,1917
895,1915
897,1915
363,1915
898,1915
866,1915
900,1917
901,1915
146,1915
289,1917
903,1915
904,1917
905,1915
289,1915
906,1915
907,1915
275,1915
909,1915
866,1917
574,1915
886,1915
910,1917
489,1917
585,1915
363,1917
862,1917
912,1917
174,1917
913,1917
517,1917
275,1917
585,1917
915,1917
805,1917
916,1917
917,1917
918,1915
921,1917
922,1917
924,1917
633,1661
87,1934
87,1915
87,1923
180,1934
180,1915
180,1923
925,1943
641,1917
48,1917
289,1917
926,1917
650,1917
927,1917
929,1917
930,1917
931,1917
932,1917
933,1917
35,1915
35,1931
35,1944
619,1915
619,1931
619,1944
618,1915
618,1931
618,1944
934,1917
106,1945
106,1915
106,1931
106,1946
940,1917
941,1917
654,1915
654,1931
654,1944
942,1915
942,1931
942,1944
616,1915
616,1931
616,1944
943,1915
943,1931
943,1944
698,1915
698,1914
792,1915
792,1914
944,1917
947,1917
940,1917
948,1947
948,1948
948,1949
949,1950
950,1927
952,1951
953,1927
954,1487
955,1952
374,1917
956,1917
957,1917
958,1917
112,1917
959,1917
940,1917
960,1917
316,1915
316,1931
316,1944
180,1915
180,1931
180,1944
961,1917
963,1917
964,1917
965,1917
966,1917
968,1915
968,1931
968,1944
969,1917
970,1917
446,1917
132,1917
971,1917
972,1917
973,1917
975,1917
976,1917
977,1917
978,1917
979,1917
980,1917
981,1917
837,1917
983,1917
984,1917
985,1917
947,947
986,1917
987,1917
989,1917
990,1917
991,1917
992,1917
993,1917
947,1917
994,1917
174,1917
995,1917
529,1917
998,1917
999,1917
1000,1917
1003,1917
69,1914
1004,1917
1005,1917
940,1917
1006,1917
760,1917
1007,1917
1008,1917
1009,1917
1010,1917
1011,1917
1012,1917
924,1917
1014,1917
947,1917
1015,1953
1016,1917
1015,1954
1015,1954
1015,1954
1018,1917
763,1917
1015,1955
1019,1917
912,1917
1020,1917
1021,1917
1022,1917
825,1917
1023,1917
1024,1917
1025,1917
1026,1917
1027,1917
753,1917
1028,1917
1029,1917
1030,1917
1031,1915
1031,1931
1031,1944
1031,1945
1031,1915
1031,1931
1031,1946
1031,1915
1031,1914
1032,1917
1033,1917
1034,1917
1035,1917
1036,1917
1037,1917
1038,1917
1039,1917
1040,1917
162,1917
1041,1917
1042,1917
1043,1917
1044,1917
1045,1917
1046,1917
1047,1917
1048,1917
359,1917
1050,1917
1051,1917
1051,1917
1051,1917
1052,1917
1053,1917
1054,1917
1055,1917
1056,1917
1057,1917
1058,1917
1059,1917
1060,1956
1060,1937
1061,1917
1062,1917
1063,1917
1064,1917
460,1917
1065,1917
1066,1917
1067,1917
1068,1917
989,1917
1071,1917
1072,1917
782,1917
1073,1957
1074,1917
1075,1917
1076,1917
658,1917
998,1917
1076,1917
1077,1917
1078,1917
832,1917
1079,1917
1080,1917
538,1957
856,1957
1081,1917
1082,1917
1083,1917
209,1917
1084,1917
1085,1917
1086,1917
1087,1917
1089,1917
33,1917
1090,1917
1091,1917
1094,1917
1095,1917
1096,1917
825,1914
1098,1958
1099,1917
1100,1917
1101,1917
1102,1917
1103,1917
269,1917
856,1917
1104,1917
1105,1917
1106,1917
1108,1917
1109,1917
1110,1917
805,1917
1111,1917
1112,1959
1113,1917
921,1917
1114,1917
1115,1917
1116,1917
279,1917
1117,1914
1118,1917
713,1917
830,1917
1119,1917
1122,1917
1122,1487
418,1917
1123,1917
1124,1917
665,1917
308,1960
1125,1917
1126,1917
1127,1961
570,1917
1128,1917
1129,1917
1130,1962
1130,1963
1130,1964
1131,1917
1132,1917
1003,1960
1133,1917
1134,1917
1135,1917
774,1917
1136,1917
1137,1924
231,1917
538,1917
1139,1917
1141,1930
1141,1929
850,1917
1142,1917
1143,1917
1145,1915
1146,1917
1147,1917
1143,1917
1148,1917
1149,1917
1150,1917
1151,1914
1152,1917
1153,1917
1154,1917
258,1917
1156,1917
1158,1914
1159,1917
1160,1917
821,1917
1161,1917
1162,1917
1089,1914
840,1917
1164,1965
1165,1917
174,1487
1165,1917
1165,1917
1166,1917
1167,1917
1168,1917
1169,1917
1170,1917
1171,1917
1172,1917
1173,1917
1174,1917
641,1961
1175,1917
968,1917
219,1917
1176,1917
1177,1917
48,1487
1178,1917
346,1917
1179,1917
219,1914
1180,1917
1181,1917
597,1917
786,1917
399,1914
1183,1917
1184,1917
522,1914
1185,1917
1186,1917
355,1487
1188,1917
1189,1960
1190,1915
1190,1931
1190,1944
81,1917
1191,1917
1192,1917
1193,1917
1194,1917
1195,1917
1196,1917
311,1917
1190,1917
921,1917
850,1917
1197,1966
1198,1487
1199,1917
1200,1917
921,1967
921,1924
442,1914
921,1917
921,1968
1201,1917
1202,1969
1146,1960
1146,1931
1203,1969
1172,1487
1172,1915
193,1487
1204,1917
1205,1917
392,1917
800,1917
1206,1970
1207,1917
1206,1917
1208,1917
1209,1917
1197,1960
1197,1931
1210,1917
821,1917
921,1957
1212,1487
1213,1917
1214,1960
1214,1917
1219,1917
921,1917
921,1487
921,1917
921,1971
921,1972
1224,1960
1224,1931
1224,1960
1224,1931
1225,1973
1225,1974
1225,1915
1225,1925
1225,1975
1225,1976
1225,1977
1225,1934
1225,1978
1226,1487
1227,1979
1228,1917
1035,1917
1229,1917
1224,1960
1224,1931
1035,1917
1195,1917
1230,1960
1231,1917
1035,1917
1224,1960
1224,1931
1232,1917
1234,1980
963,1960
1235,1917
1237,1917
805,1968
805,1915
805,1915
805,1931
805,1944
805,1917
1238,1917
805,1971
1239,1917
805,1917
805,1981
805,1972
805,1917
805,1487
805,1945
805,1915
805,1931
805,1946
198,1917
150,1914
1240,1915
1241,1917
1242,1917
1243,1917
1244,1917
1245,1917
1246,1917
1247,1917
1248,1917
1249,1917
1250,1917
1237,1960
1251,1924
335,1487
1252,1917
1253,1917
850,1917
1254,1982
1254,1983
1255,1984
1176,1917
1257,1917
1258,1971
1259,1931
1259,1934
1259,1978
1260,1985
1261,1917
1258,1917
1228,1917
1262,1917
1263,1917
1266,1917
1267,1960
1268,1917
1269,1984
1270,1960
31,1960
1271,1917
1272,1917
1273,1917
1274,1917
1275,1960
1276,1917
1277,1917
1278,1985
1279,1917
1281,1917
1282,1917
1284,1917
1285,1934
1282,1917
1224,1986
1224,1960
1286,1917
1266,1917
1287,1917
1287,1917
1288,1917
1287,1917
1290,1950
1292,1917
1293,1917
1294,1987
1294,1988
359,1914
1295,1960
1296,1917
1299,1960
1300,1917
1301,1917
1303,1915
1304,1917
1305,1960
1306,1917
1307,1917
1308,1917
1309,1917
1310,1989
1311,1917
1312,1985
1313,1960
1312,1985
1307,1917
1314,1917
1316,1917
1317,1917
1305,1917
1224,1960
1317,1917
1318,1917
1317,1917
1319,1917
1321,1914
952,1951
983,1917
1322,1917
1323,1917
59,1917
1305,1917
1324,1990
1325,1917
1326,1991
1327,1917
1328,1914
1329,1917
1330,1917
738,1917
1331,1917
433,1914
1332,1917
1333,1917
1303,1915
1303,1931
1303,1944
1334,1917
1119,1917
975,1917
474,1914
1335,1992
856,1914
1336,1962
1336,1963
1336,1964
593,1917
1338,1917
1339,1917
1340,1938
1341,1954
1208,1917
1342,1917
1343,1917
1345,1917
1266,1917
1346,1917
1346,1917
1246,1917
602,1917
1350,1914
1351,1931
1352,1917
909,1914
1353,1917
402,1914
275,1914
484,1914
1354,1917
1257,1917
1355,1917
1356,1917
574,1914
1357,1917
1358,1917
862,1914
1359,1917
1018,1972
1359,1917
1272,1917
1360,1917
753,1914
1360,1917
1341,1954
1361,1914
1362,1917
1363,1917
1366,1914
392,1914
1367,1917
585,1917
1368,1917
1369,1917
1370,1487
1371,1917
1372,1971
1373,1917
1374,1917
1375,1917
1376,1917
1377,1917
1378,1917
1379,1917
1380,1917
1381,1917
1382,1917
1384,1917
1164,1917
1385,1917
1271,1917
1386,1917
1387,1917
1341,1954
1094,1487
1388,1917
1389,1932
1390,1917
1183,1917
1391,1993
1392,1993
359,1487
1386,1966
1393,1994
1266,1917
1394,1917
878,1995
1395,1917
1266,1917
1396,1917
1397,1917
1398,1917
1399,1993
1400,1917
1401,1917
1402,1917
1404,1487
1299,1917
1405,1917
1271,1917
1406,1917
1266,1917
1407,1917
1408,1487
1409,1917
1410,1917
1411,1917
782,1487
1412,1917
1413,1917
1414,1917
409,1917
1415,1917
409,1929
409,1996
730,1917
1416,1470
409,1470
409,1917
409,1917
409,1487
1416,1996
409,1917
409,1917
1417,1917
1416,1917
1385,1997
1385,1934
1416,1915
1416,1487
436,1917
1418,1960
1418,1998
436,1917
436,1917
112,1487
1419,1917
1420,1917
1418,1917
1421,1917
1422,1917
859,1487
1423,1917
1424,1917
1425,1917
1426,1999
1427,1999
1266,1917
1351,1917
1428,1917
1429,2000
1426,1917
1405,1917
1141,1917
1426,1917
1430,1917
1431,1917
1119,1917
1433,2001
81,1915
1438,2001
1439,1917
1426,2001
1440,1487
81,1487
1426,2002
1441,1915
1441,1931
1441,1944
1442,1917
595,1917
1443,1917
1444,1917
1445,1917
1446,1917
1447,1945
1447,1915
1447,1931
1447,1946
1448,1917
1447,1914
1447,1944
1447,2003
1447,1917
1449,1917
1450,1917
1451,1917
1452,1915
1453,1917
1454,1917
269,1487
1455,1917
1456,1917
1457,1917
1385,1917
1458,1996
1460,1487
1461,1917
593,1917
1462,1917
1463,1917
1464,1917
1465,1917
1466,1916
1467,1917
1338,1917
1454,1917
1454,1917
1468,1917
1469,1917
1470,1917
1471,1917
1472,1917
1384,1917
1473,1915
1473,1917
1292,1917
1473,1487
1474,1998
1474,2004
1474,1931
1475,1917
1476,1914
1476,1944
1476,2003
1477,1487
1476,1917
1476,1917
1478,1917
929,1914
929,1915
929,2005
1479,1917
1417,1917
1479,1917
1480,1487
493,1917
856,1487
1481,1960
1482,1917
1483,1917
1345,1966
1345,1917
1484,1917
1485,1917
1486,1915
1487,1917
351,1917
1488,1917
1489,1917
1490,1917
1491,1917
1492,1917
1493,1917
1494,1917
1495,1917
1156,1917
1497,1969
1498,1917
1499,1917
1500,1917
1501,1917
1502,1917
1503,1931
1503,1960
1504,1917
1505,1917
1506,1917
1510,1661
1497,1980
1510,1980
1438,1969
1511,1980
1290,1917
1517,1980
1511,1661
1518,1661
1467,1917
1520,1980
1518,1980
1525,1980
1525,1661
1526,1953
1530,1980
1533,1980
1534,1661
1535,1915
1520,1661
1538,1661
716,1915
1539,1915
1540,1917
1438,1980
1544,1980
633,1980
1548,1980
1438,1661
1549,1661
1015,2006
1548,1661
1533,1661
1517,1661
1015,1917
633,1661
1550,1917
1550,1917
1550,1917
1234,1980
1517,1980
1551,1915
1551,1931
1551,1944
1552,1915
551,1915
1553,1915
59,1917
1555,1915
1556,1917
59,1915
1557,1917
1558,1915
1122,1917
1559,1917
1560,1917
707,1917
661,1917
1561,1931
1561,1960
1562,1917
1563,1917
844,1915
844,1931
844,1944
747,1915
1564,1915
1564,1931
1564,1944
1433,1917
1565,1915
1565,1931
1565,1944
1569,1917
1570,1917
1270,1931
1270,1960
1571,1917
1573,1917
1574,1917
1299,1931
1299,1960
1576,1917
1018,1915
1577,1945
1577,1915
1577,1931
1577,1946
1203,1969
1530,1969
1530,1917
998,1915
998,1931
998,1944
1578,1917
1433,1969
1579,1917
1433,1917
1580,1917
1579,1969
1510,1969
1576,1969
1581,1945
1581,1915
1581,1931
1581,1946
1510,1917
1006,1915
1006,1931
1006,1944
1111,1915
1111,1931
1111,1944
1579,1969
1573,1917
1581,1915
1584,1969
1576,1917
1573,1969
1585,1915
1585,1931
1585,1944
788,1915
1586,1915
1587,1969
1569,1969
1588,1917
1589,1917
1587,1917
1590,1917
1591,1917
1219,1917
1592,1969
1593,1966
1591,1969
1517,1917
1525,1969
1525,1917
1569,1969
1219,1969
1595,1969
1510,1969
1597,1969
1598,1917
1601,1917
730,1917
1517,1969
1525,1969
399,1945
399,1915
399,1931
399,1946
1601,1969
1584,1917
1533,1917
805,1917
1525,1917
1597,1917
1598,1969
112,1917
1601,1969
1602,1969
1604,1917
1597,1969
1188,1915
1605,1931
1605,1960
1607,1917
1569,1917
1610,1917
1611,1917
1569,1917
1610,1917
1438,1917
1612,1917
1613,1960
1538,1917
1614,1917
1014,1917
633,1917
1544,1917
1617,1917
1604,1917
1619,1917
1548,1917
1538,1917
1014,1917
1620,1917
1584,1969
1621,1917
1584,1917
150,1945
150,1915
150,1931
150,1946
1622,1915
1224,1931
1224,1960
1510,2007
1623,1969
1624,1969
1626,1915
1627,1917
1517,1969
1628,1969
1629,1917
1631,1969
1632,2007
1633,1915
1635,1917
1438,1917
1631,1917
1637,1917
1639,1917
633,1917
1544,1917
850,1915
1219,1917
1517,1917
1640,1960
1617,1917
1607,1917
1548,1917
1642,1917
1619,1917
1643,1917
1644,1917
1610,1917
1306,1917
1306,1917
1306,1915
1645,1960
1645,1931
633,2007
1646,1917
1306,1917
1607,2007
1438,2007
1639,2007
1219,2007
1644,2007
1635,2007
1544,2007
1642,2007
1631,2007
1647,1915
1619,2007
1643,2007
1637,2007
1548,2007
1648,2007
1517,2007
1617,2007
1649,1917
1650,1917
1098,1958
1651,1917
275,1915
1652,1917
1653,1917
1654,1969
392,1915
392,1931
392,1944
1139,1915
1655,1991
1655,2008
1224,1917
1656,1917
1224,1960
1657,1917
1658,1917
1659,1917
153,1915
1660,1915
1660,1931
1660,1944
1610,2007
1610,2007
1661,1917
989,1915
989,1931
989,1944
1662,1917
989,1915
1663,1945
1663,1915
1663,1931
1663,1946
1665,1945
1665,1915
1665,1931
1665,1946
1666,1945
1666,1915
1666,1931
1666,1946
1224,1917
112,2009
1667,1917
1224,1917
1668,1917
1668,1917
1669,1960
611,1915
1670,1917
1224,1960
1671,1917
1530,1969
418,1917
1672,1917
1673,1915
1674,1915
900,1915
1447,1917
1447,1915
1675,1917
1676,1915
1676,1931
1676,1944
1677,1917
1678,1917
1094,1945
1094,1915
1094,1931
1094,1946
1094,1915
1679,1915
1679,1931
1679,1944
1681,1945
1681,1915
1681,1931
1681,1946
1682,1917
1224,1917
1683,1917
1684,2010
1685,1917
1224,1917
1224,1917
1686,1917
1688,1915
874,1915
497,1915
1689,1917
929,1917
1690,1917
456,1945
456,1915
456,1931
456,1946
1691,1917
1692,1917
1693,1917
635,1945
635,1915
635,1931
635,1946
635,1917
1694,1917
915,1917
1695,1917
1696,1915
456,1915
1697,1917
1698,1915
757,1915
1699,1917
807,1915
112,1917
1700,1917
1701,1917
1702,1915
1704,1915
1705,1915
1707,1915
1708,1917
1709,1915
1709,1931
1709,1944
1705,1915
1705,1931
1705,1944
1003,1917
46,1915
1710,1915
837,1945
837,1915
837,1931
837,1946
1711,1915
1711,1931
1711,1944
718,1915
279,1915
279,1931
279,1944
1708,1917
446,1945
446,1915
446,1931
446,1946
1712,1917
339,1915
1714,1915
1715,1915
837,1915
1219,1915
1716,1945
1716,1915
1716,1931
1716,1946
1717,1915
1717,1931
1717,1944
570,1915
409,1915
1718,1945
1718,1915
1718,1931
1718,1946
513,1915
363,1915
363,1931
363,1944
363,1945
363,1915
363,1931
363,1946
363,1915
1719,1945
1719,1915
1719,1931
1719,1946
1665,1915
1665,1931
1665,1944
1720,1931
1720,1960
433,1915
825,1915
825,1931
825,1944
1721,1915
1721,1931
1721,1944
557,1915
465,1945
465,1915
465,1931
465,1946
1722,1915
1722,1931
1722,1944
1723,1915
1724,1915
1725,1915
1726,1915
1726,1931
1726,1944
1727,1917
1728,1915
1729,1915
399,1915
399,1931
399,1944
1731,1915
1708,1917
555,1915
1732,1915
1188,1945
1188,1915
1188,1931
1188,1946
1733,1915
418,1915
428,1915
493,1915
1734,1915
1734,1915
1734,1931
1734,1944
374,1945
374,1915
374,1931
374,1946
401,1917
1735,1915
1737,1915
1350,1915
650,1945
650,1915
650,1931
650,1946
1738,1945
1738,1915
1738,1931
1738,1946
374,1915
650,1915
465,1917
1739,2011
289,1917
1741,1945
1741,1915
1741,1931
1741,1946
1742,1917
650,1915
650,1931
650,1944
1743,1915
1745,1915
700,1915
1741,1917
1746,1915
1746,1931
1746,1944
209,1945
209,1915
209,1931
209,1946
1747,1915
1749,1915
1750,1945
1750,1915
1750,1931
1750,1946
538,1917
538,1915
1749,1945
1749,1915
1749,1931
1749,1946
209,1915
209,1931
209,1944
707,1945
707,1915
707,1931
707,1946
480,1915
141,1917
1752,1915
859,1915
1718,1915
1718,1931
1718,1944
465,1915
141,1915
465,1915
465,1931
465,1944
1753,1945
1753,1915
1753,1931
1753,1946
335,1915
1108,1945
1108,1915
1108,1931
1108,1946
386,1915
1754,1945
1754,1915
1754,1931
1754,1946
1755,1915
1755,1931
1755,1944
1756,1915
707,1915
707,1915
707,1931
707,1944
1108,1915
219,1917
219,1915
106,1915
1757,1917
1758,1917
321,1945
321,1915
321,1931
321,1946
1759,1915
1761,1915
903,1915
1762,1915
1763,1915
1764,1915
840,1915
1765,1915
940,1915
460,1915
489,1915
730,1915
1071,1915
1766,1917
1766,1915
623,1915
963,1915
1555,1915
1555,1931
1555,1944
1008,1915
1767,1915
1768,1915
1768,1931
1768,1944
713,1915
1008,1915
1008,1931
1008,1944
782,1917
1769,1915
1770,1915
1770,1931
1770,1944
734,1915
1772,1915
1772,1931
1772,1944
1772,1945
1772,1915
1772,1931
1772,1946
1773,1917
1321,1915
1366,1917
1366,1915
1772,1917
1772,1915
442,1915
1775,1915
299,1915
1776,1915
522,1915
1776,1917
1777,1917
174,1917
1777,1917
359,1915
174,1915
1777,1917
1777,1917
844,1915
897,1915
1778,1915
1779,1915
1781,1915
97,1915
1782,1945
1782,1915
1782,1931
1782,1946
673,1915
862,1915
1782,1915
182,1915
1783,1915
527,1915
585,1915
418,1915
418,1931
418,1944
484,1917
1704,1917
418,1945
418,1915
418,1931
418,1946
673,1945
673,1915
673,1931
673,1946
673,1917
1784,1917
1785,1917
186,1917
886,1917
585,1917
1786,1917
782,1915
782,1931
782,1944
1787,1787
1787,2012
1704,1915
1704,1931
1704,1944
1741,1917
730,1945
730,1915
730,1931
730,1946
1761,1915
1761,1931
1761,1944
1688,1968
1788,1915
1788,1931
1788,1944
174,1917
1789,1915
1789,1931
1789,1944
409,1945
409,1915
409,1931
409,1946
1791,1917
1797,1917
409,1915
409,1931
409,1944
555,1915
555,1931
555,1944
1321,1945
1321,1915
1321,1931
1321,1946
1321,1915
1321,1931
1321,1944
1741,1915
1741,1931
1741,1944
1595,1917
1798,1915
1798,1931
1798,1944
522,1945
522,1915
522,1931
522,1946
522,1917
1799,1915
1799,1931
1799,1944
963,1915
963,1931
963,1944
716,1915
716,1931
716,1944
1800,1915
1800,1931
1800,1944
174,1945
174,1915
174,1931
174,1946
1801,1945
1801,1915
1801,1931
1801,1946
433,1945
433,1915
433,1931
433,1946
1517,1917
1802,1945
1802,1915
1802,1931
1802,1946
159,1915
159,1931
159,1944
71,1915
71,1931
71,1944
321,1915
321,1931
321,1944
1803,1915
1803,1931
1803,1944
1804,1915
1804,1931
1804,1944
1805,1917
1778,1917
1806,1917
1807,1917
1525,1917
1808,1916
186,1917
106,1917
1809,1945
1809,1915
1809,1931
1809,1946
1791,2011
1810,1945
1810,1915
1810,1931
1810,1946
316,1917
1811,1915
1811,1931
1811,1944
1791,1917
1812,1915
1812,1931
1812,1944
1530,1917
1281,1917
757,1945
757,1915
757,1931
757,1946
1813,1915
1813,1931
1813,1944
1814,1917
1815,1915
1815,1931
1815,1944
757,1915
757,1931
757,1944
1281,1917
1096,1915
1096,1931
1096,1944
1791,1917
1791,2011
1791,1917
1601,1917
1791,1917
1791,2011
1816,1915
1816,1931
1816,1944
1818,2013
1520,1917
1316,1917
1819,1917
1747,1915
1747,1931
1747,1944
730,1917
1820,1917
1821,2014
1822,1917
1145,1915
1145,1931
1145,1944
1823,1917
1601,2015
1601,1917
1601,2016
1601,1917
1791,1917
1791,1917
1601,1917
1601,1917
1601,1917
1791,1917
1791,1917
1601,1917
1601,1917
1791,2015
1791,2011
1791,1915
1791,1917
1824,2014
1825,1917
1826,2015
1745,1915
1745,1931
1745,1944
1827,1917
335,1917
1775,1945
1775,1915
1775,1931
1775,1946
335,1915
335,1931
335,1944
1828,1915
605,1915
605,1931
605,1944
1749,1915
1749,1931
1749,1944
1829,1917
1818,2013
132,1915
132,1931
132,1944
1797,1917
359,1915
359,1931
359,1944
753,1915
753,1931
753,1944
1404,1917
940,1917
275,1917
1830,1917
862,1945
862,1915
862,1931
862,1946
1831,2011
1797,1917
1832,1915
1832,1931
1832,1944
1833,1917
1737,1915
1737,1931
1737,1944
574,1915
574,1931
574,1944
574,1945
574,1915
574,1931
574,1946
1834,1917
1834,2017
1834,1917
1834,1917
1835,1915
1835,1931
1835,1944
753,1945
753,1915
753,1931
753,1946
1791,1917
1791,1917
1791,2011
1791,1917
1797,1917
258,1915
258,1931
258,1944
97,1917
1050,1915
1050,1931
1050,1944
994,1945
994,1915
994,1931
994,1946
374,1917
1836,1917
1797,1917
374,1917
1837,1917
1837,1917
1838,1945
1838,1915
1838,1931
1838,1946
1837,1917
174,1915
174,1931
174,1944
1837,1917
1681,1915
1681,1931
1681,1944
1791,1917
1839,1915
1839,1931
1839,1944
1797,2018
1797,2011
1797,2014
1791,2011
1797,2019
1797,2019
1840,1917
1840,1917
1840,1917
1797,1917
1626,1917
1840,1917
1791,1917
1791,1917
1791,1917
97,1915
97,1931
97,1944
1840,1917
1841,2020
1842,1915
1842,1931
1842,1944
1845,1917
1840,1917
1840,1917
1158,1915
1158,1931
1158,1944
1840,1917
1840,1917
1846,1917
1797,2012
1848,1917
1848,1917
1848,1917
374,1917
1848,1917
1848,1917
551,1945
551,1915
551,1931
551,1946
1836,1917
1849,1917
1850,1917
1791,1917
1791,2011
1791,1917
1791,1917
1851,1915
1851,1931
1851,1944
1797,1917
747,1945
747,1915
747,1931
747,1946
1797,1917
222,1917
1853,1945
1853,1915
1853,1931
1853,1946
1854,1917
1855,1917
351,1917
411,1917
442,1915
442,1931
442,1944
1856,2016
1857,1917
1797,1917
301,1915
301,1931
301,1944
1858,1917
1861,2021
1861,1917
227,1915
227,1931
227,1944
1862,1917
351,1915
351,1931
351,1944
1863,1945
1863,1915
1863,1931
1863,1946
1864,2022
1797,1917
1845,2016
1865,1915
1865,1931
1865,1944
509,1917
1797,1917
593,1915
593,1931
593,1944
747,1915
747,1931
747,1944
1845,2011
222,1945
222,1915
222,1931
222,1946
886,1945
886,1915
886,1931
886,1946
1797,1917
1791,1917
1791,1917
374,1917
1801,1915
1801,1931
1801,1944
1867,1945
1867,1915
1867,1931
1867,1946
816,1915
816,1931
816,1944
1861,1917
186,1945
186,1915
186,1931
186,1946
1797,1917
1868,1917
1869,1869
743,1945
743,1915
743,1931
743,1946
266,1945
266,1915
266,1931
266,1946
1797,1917
1870,1915
1870,1931
1870,1944
472,1917
1871,1915
1871,1931
1871,1944
1872,1945
1872,1915
1872,1931
1872,1946
1797,1917
258,1917
1797,1917
1873,1915
1873,1931
1873,1944
1874,1869
1797,1917
1864,1869
1875,1945
1875,1915
1875,1931
1875,1946
289,1915
289,1931
289,1944
1460,1915
1460,1931
1460,1944
1876,1915
1876,1931
1876,1944
1875,1915
1875,1931
1875,1944
1861,1917
1861,1917
1877,1917
1861,1917
1791,1917
59,1945
59,1915
59,1931
59,1946
1781,1945
1781,1915
1781,1931
1781,1946
1878,1915
1878,1931
1878,1944
509,1945
509,1915
509,1931
509,1946
1071,1915
1071,1931
1071,1944
1879,1915
1879,1931
1879,1944
1880,1915
1880,1931
1880,1944
219,1915
219,1931
219,1944
1881,1915
1881,1931
1881,1944
186,1915
186,1931
186,1944
112,1915
112,1931
112,1944
81,1915
81,1931
81,1944
1830,1945
1830,1915
1830,1931
1830,1946
1350,1945
1350,1915
1350,1931
1350,1946
484,1945
484,1915
484,1931
484,1946
1882,1915
1882,1931
1882,1944
275,1915
275,1931
275,1944
275,1945
275,1915
275,1931
275,1946
570,1945
570,1915
570,1931
570,1946
1707,1915
1707,1931
1707,1944
141,1945
141,1915
141,1931
141,1946
1883,1915
1883,1931
1883,1944
1884,1915
1884,1931
1884,1944
456,1915
456,1931
456,1944
1885,1945
1885,1915
1885,1931
1885,1946
1886,1915
1886,1931
1886,1944
1887,1915
1887,1931
1887,1944
116,1915
116,1931
116,1944
1888,1915
1888,1931
1888,1944
1003,1917
244,1945
244,1915
244,1931
244,1946
1889,1915
1889,1931
1889,1944
1890,1915
1890,1931
1890,1944
1891,1945
1891,1915
1891,1931
1891,1946
1892,1945
1892,1915
1892,1931
1892,1946
1366,1945
1366,1915
1366,1931
1366,1946
517,1945
517,1915
517,1931
517,1946
585,1945
585,1915
585,1931
585,1946
1893,1915
1893,1931
1893,1944
1894,1915
1894,1931
1894,1944
1867,1915
1867,1931
1867,1944
299,1915
299,1931
299,1944
730,1915
730,1931
730,1944
1895,1915
1895,1931
1895,1944
1212,1915
1212,1931
1212,1944
1896,1915
1896,1931
1896,1944
106,1915
106,1931
106,1944
1897,1915
1897,1931
1897,1944
862,1915
862,1931
862,1944
1898,1915
1898,1931
1898,1944
1350,1915
1350,1931
1350,1944
141,1915
141,1931
141,1944
994,1915
994,1931
994,1944
1899,1915
1899,1931
1899,1944
1781,1915
1781,1931
1781,1944
1714,1915
1714,1931
1714,1944
1853,1915
1853,1931
1853,1944
1122,1915
1122,1931
1122,1944
1900,1915
1900,1931
1900,1944
446,1915
446,1931
446,1944
1901,1915
1901,1931
1901,1944
713,1915
713,1931
713,1944
1902,1915
1902,1931
1902,1944
1903,1915
1903,1931
1903,1944
1904,1915
1904,1931
1904,1944
1905,1915
1905,1931
1905,1944
1046,1915
1046,1931
1046,1944
673,1915
673,1931
673,1944
316,1915
316,1931
316,1944
374,1915
374,1931
374,1944
374,1915
374,1931
374,1944
1731,1915
1731,1931
1731,1944
225,1915
225,1931
225,1944
1906,1915
1906,1931
1906,1944
1907,1915
1907,1931
1907,1944
1752,1915
1752,1931
1752,1944
1908,1915
1908,1931
1908,1944
513,1915
513,1931
513,1944
538,1915
538,1931
538,1944
433,1915
433,1931
433,1944
1284,1915
1284,1931
1284,1944
1775,1915
1775,1931
1775,1944
837,1915
837,1931
837,1944
1909,1915
1909,1931
1909,1944
1910,1915
1910,1931
1910,1944
570,1915
570,1931
570,1944
1366,1915
1366,1931
1366,1944
559,1915
559,1931
559,1944
1473,1915
1473,1931
1473,1944
585,1915
585,1931
585,1944
1911,1917
